{
    "configurations": [
        {
            "name": "TypeScript: Active file (integrated)",
            "type": "node",
            "request": "launch",
            "program": "${file}",
            "preLaunchTask": "tsc",
            "console": "integratedTerminal"
        },
        {
            "name": "TypeScript: Active file (external)",
            "type": "node",
            "request": "launch",
            "program": "${file}",
            "preLaunchTask": "tsc",
            "console": "externalTerminal"
        }
    ]
}