{
    "configurations": [
        {
            "name": "Rust: Active file (integrated)",
            "type": "lldb",
            "request": "launch",
            "program": "${fileDirname}/${fileBasenameNoExtension}",
            "args": [],
            "cwd": "${workspaceFolder}",
            "preLaunchTask": "rustbuild",
            "console": "integratedTerminal"
        },
        {
            "name": "Rust: Active file (external)",
            "type": "lldb",
            "request": "launch",
            "program": "${fileDirname}/${fileBasenameNoExtension}",
            "args": [],
            "cwd": "${workspaceFolder}",
            "preLaunchTask": "rustbuild",
            "console": "externalTerminal"
        }
    ]
}