{
    "configurations": [
        {
            "name": ".NET: Active file (integrated)",
            "type": "coreclr",
            "request": "launch",
            "preLaunchTask": "build",
            "program": "${relativeFileDirname}/bin/Debug/net6.0/${relativeFileDirname}.dll",
            "args": [],
            "cwd": "${workspaceFolder}",
            "console": "integratedTerminal",
            "stopAtEntry": false
        },
        {
            "name": ".NET: Active file (external)",
            "type": "coreclr",
            "request": "launch",
            "preLaunchTask": "build",
            "program": "${relativeFileDirname}/bin/Debug/net6.0/${relativeFileDirname}.dll",
            "args": [],
            "cwd": "${workspaceFolder}",
            "console": "externalTerminal",
            "stopAtEntry": false
        }
    ]
}